{"message":"","cod":"200","city_id":2655138,"calctime":0.8744,"cnt":24,"list":[{"main":{"temp":295.6,"pressure":1008,"humidity":56,"temp_min":294.15,"temp_max":297.04},"wind":{"speed":7.7,"deg":220},"clouds":{"all":75},"weather":[{"id":803,"main":"Clouds","description":"broken clouds","icon":"04d"}],"dt":1438598463},{"main":{"temp":296.38,"pressure":1008,"humidity":53,"temp_min":295.15,"temp_max":297.59},"wind":{"speed":7.2,"deg":220},"clouds":{"all":75},"weather":[{"id":803,"main":"Clouds","description":"broken clouds","icon":"04d"}],"dt":1438602052},{"main":{"temp":297.17,"pressure":1008,"humidity":44,"temp_min":296.15,"temp_max":298.15},"wind":{"speed":8.2,"deg":210},"clouds":{"all":75},"weather":[{"id":500,"main":"Rain","description":"light rain","icon":"10d"}],"rain":{"1h":0.25},"dt":1438605860},{"main":{"temp":297.43,"pressure":1008,"humidity":47,"temp_min":296.48,"temp_max":298.71},"wind":{"speed":7.7,"deg":220},"clouds":{"all":75},"weather":[{"id":803,"main":"Clouds","description":"broken clouds","icon":"04d"}],"dt":1438609416},{"main":{"temp":297.63,"pressure":1007,"humidity":41,"temp_min":296.48,"temp_max":298.71},"wind":{"speed":7.7,"deg":210},"clouds":{"all":0},"weather":[{"id":800,"main":"Clear","description":"Sky is Clear","icon":"01d"}],"dt":1438612823},{"main":{"temp":297.43,"pressure":1007,"humidity":38,"temp_min":296.48,"temp_max":298.71},"wind":{"speed":7.7,"deg":220},"clouds":{"all":0},"weather":[{"id":800,"main":"Clear","description":"Sky is Clear","icon":"01d"}],"dt":1438616672},{"main":{"temp":296.68,"pressure":1007,"humidity":44,"temp_min":295.37,"temp_max":298.71},"wind":{"speed":7.7,"deg":210},"clouds":{"all":0},"weather":[{"id":800,"main":"Clear","description":"Sky is Clear","icon":"01d"}],"dt":1438620106},{"main":{"temp":295.59,"pressure":1007,"humidity":46,"temp_min":294.15,"temp_max":297.15},"wind":{"speed":6.2,"deg":220},"clouds":{"all":0},"weather":[{"id":800,"main":"Clear","description":"Sky is Clear","icon":"01d"}],"dt":1438623709},{"main":{"temp":294.59,"pressure":1007,"humidity":53,"temp_min":294.15,"temp_max":295.37},"wind":{"speed":5.7,"deg":230},"clouds":{"all":0},"weather":[{"id":800,"main":"Clear","description":"Sky is Clear","icon":"01d"}],"dt":1438627263},{"main":{"temp":293.45,"pressure":1008,"humidity":52,"temp_min":292.59,"temp_max":294.82},"wind":{"speed":4.1,"deg":230},"clouds":{"all":75},"weather":[{"id":803,"main":"Clouds","description":"broken clouds","icon":"04d"}],"dt":1438630854},{"main":{"temp":291.97,"pressure":1008,"humidity":56,"temp_min":290.93,"temp_max":293.15},"wind":{"speed":4.1,"deg":220},"clouds":{"all":75},"weather":[{"id":803,"main":"Clouds","description":"broken clouds","icon":"04n"}],"dt":1438634473},{"main":{"temp":290.82,"pressure":1009,"humidity":59,"temp_min":289.15,"temp_max":292.15},"wind":{"speed":3.1,"deg":210},"clouds":{"all":0},"weather":[{"id":800,"main":"Clear","description":"Sky is Clear","icon":"01n"}],"dt":1438638015},{"main":{"temp":289.63,"pressure":1009,"humidity":72,"temp_min":288.15,"temp_max":290.93},"wind":{"speed":2.6,"deg":220},"clouds":{"all":0},"weather":[{"id":800,"main":"Clear","description":"Sky is Clear","icon":"01n"}],"dt":1438641675},{"main":{"temp":289.12,"pressure":1009,"humidity":77,"temp_min":288.15,"temp_max":290.93},"wind":{"speed":3.1,"deg":200},"clouds":{"all":75},"weather":[{"id":803,"main":"Clouds","description":"broken clouds","icon":"04n"}],"dt":1438645271},{"main":{"temp":287.95,"pressure":1008,"humidity":82,"temp_min":287.04,"temp_max":289.82},"wind":{"speed":3.1,"deg":210},"clouds":{"all":20},"weather":[{"id":801,"main":"Clouds","description":"few clouds","icon":"02n"}],"dt":1438648840},{"main":{"temp":286.97,"pressure":1008,"humidity":82,"temp_min":285.15,"temp_max":289.26},"wind":{"speed":3.1,"deg":190},"clouds":{"all":75},"weather":[{"id":803,"main":"Clouds","description":"broken clouds","icon":"04n"}],"dt":1438652428},{"main":{"temp":286.15,"pressure":1009,"humidity":87,"temp_min":284.15,"temp_max":288.15},"wind":{"speed":2.6,"deg":220},"clouds":{"all":0},"weather":[{"id":800,"main":"Clear","description":"Sky is Clear","icon":"01n"}],"dt":1438655999},{"main":{"temp":285.82,"pressure":1009,"humidity":87,"temp_min":284.26,"temp_max":287.59},"wind":{"speed":3.1,"deg":200},"clouds":{"all":0},"weather":[{"id":800,"main":"Clear","description":"Sky is Clear","icon":"01n"}],"dt":1438659617},{"main":{"temp":285.29,"pressure":1009,"humidity":93,"temp_min":284.15,"temp_max":286.48},"wind":{"speed":2.6,"deg":200},"clouds":{"all":0},"weather":[{"id":800,"main":"Clear","description":"Sky is Clear","icon":"01d"}],"dt":1438663239},{"main":{"temp":285.6,"pressure":1009,"humidity":87,"temp_min":285.15,"temp_max":286.48},"wind":{"speed":4.6,"deg":190},"clouds":{"all":0},"weather":[{"id":800,"main":"Clear","description":"Sky is Clear","icon":"01d"}],"dt":1438666897},{"main":{"temp":286.83,"pressure":1009,"humidity":87,"temp_min":285.15,"temp_max":288.71},"wind":{"speed":4.6,"deg":200},"clouds":{"all":0},"weather":[{"id":800,"main":"Clear","description":"Sky is Clear","icon":"01d"}],"dt":1438670499},{"main":{"temp":288.62,"pressure":1009,"humidity":82,"temp_min":287.15,"temp_max":290.37},"wind":{"speed":4.6,"deg":210},"clouds":{"all":0},"weather":[{"id":800,"main":"Clear","description":"Sky is Clear","icon":"01d"}],"dt":1438674087},{"main":{"temp":290.52,"pressure":1009,"humidity":63,"temp_min":289.15,"temp_max":292.59},"wind":{"speed":6.7,"deg":220},"clouds":{"all":20},"weather":[{"id":801,"main":"Clouds","description":"few clouds","icon":"02d"}],"dt":1438677691},{"main":{"temp":291.96,"pressure":1009,"humidity":55,"temp_min":291.15,"temp_max":294.26},"wind":{"speed":8.2,"deg":230},"clouds":{"all":20},"weather":[{"id":801,"main":"Clouds","description":"few clouds","icon":"02d"}],"dt":1438681520}]}
