[{"date":"2015-08-03 06:41:03","temp":295.6,"pressure":1008,"humidity":56,"temp_min":294.15,"temp_max":297.04},{"date":"2015-08-03 07:40:52","temp":296.38,"pressure":1008,"humidity":53,"temp_min":295.15,"temp_max":297.59},{"date":"2015-08-03 08:44:20","temp":297.17,"pressure":1008,"humidity":44,"temp_min":296.15,"temp_max":298.15},{"date":"2015-08-03 09:43:36","temp":297.43,"pressure":1008,"humidity":47,"temp_min":296.48,"temp_max":298.71},{"date":"2015-08-03 10:40:23","temp":297.63,"pressure":1007,"humidity":41,"temp_min":296.48,"temp_max":298.71},{"date":"2015-08-03 11:44:32","temp":297.43,"pressure":1007,"humidity":38,"temp_min":296.48,"temp_max":298.71},{"date":"2015-08-03 12:41:46","temp":296.68,"pressure":1007,"humidity":44,"temp_min":295.37,"temp_max":298.71},{"date":"2015-08-03 13:41:49","temp":295.59,"pressure":1007,"humidity":46,"temp_min":294.15,"temp_max":297.15},{"date":"2015-08-03 14:41:03","temp":294.59,"pressure":1007,"humidity":53,"temp_min":294.15,"temp_max":295.37},{"date":"2015-08-03 15:40:54","temp":293.45,"pressure":1008,"humidity":52,"temp_min":292.59,"temp_max":294.82},{"date":"2015-08-03 16:41:13","temp":291.97,"pressure":1008,"humidity":56,"temp_min":290.93,"temp_max":293.15},{"date":"2015-08-03 17:40:15","temp":290.82,"pressure":1009,"humidity":59,"temp_min":289.15,"temp_max":292.15},{"date":"2015-08-03 18:41:15","temp":289.63,"pressure":1009,"humidity":72,"temp_min":288.15,"temp_max":290.93},{"date":"2015-08-03 19:41:11","temp":289.12,"pressure":1009,"humidity":77,"temp_min":288.15,"temp_max":290.93},{"date":"2015-08-03 20:40:40","temp":287.95,"pressure":1008,"humidity":82,"temp_min":287.04,"temp_max":289.82},{"date":"2015-08-03 21:40:28","temp":286.97,"pressure":1008,"humidity":82,"temp_min":285.15,"temp_max":289.26},{"date":"2015-08-03 22:39:59","temp":286.15,"pressure":1009,"humidity":87,"temp_min":284.15,"temp_max":288.15},{"date":"2015-08-03 23:40:17","temp":285.82,"pressure":1009,"humidity":87,"temp_min":284.26,"temp_max":287.59},{"date":"2015-08-04 00:40:39","temp":285.29,"pressure":1009,"humidity":93,"temp_min":284.15,"temp_max":286.48},{"date":"2015-08-04 01:41:37","temp":285.6,"pressure":1009,"humidity":87,"temp_min":285.15,"temp_max":286.48},{"date":"2015-08-04 02:41:39","temp":286.83,"pressure":1009,"humidity":87,"temp_min":285.15,"temp_max":288.71},{"date":"2015-08-04 03:41:27","temp":288.62,"pressure":1009,"humidity":82,"temp_min":287.15,"temp_max":290.37},{"date":"2015-08-04 04:41:31","temp":290.52,"pressure":1009,"humidity":63,"temp_min":289.15,"temp_max":292.59},{"date":"2015-08-04 05:45:20","temp":291.96,"pressure":1009,"humidity":55,"temp_min":291.15,"temp_max":294.26}]